timestamp,line,temperature,pressure,thickness,yield_rate
2026-01-01 00:00:00.000000,C,350.24,2.624,99.76,93.53
2026-01-01 00:42:21.176471,A,345.85,2.418,100.55,93.23
2026-01-01 01:24:42.352941,C,351.35,2.563,98.19,92.2
2026-01-01 02:07:03.529412,C,349.75,2.377,98.06,93.13
2026-01-01 02:49:24.705882,A,348.81,2.677,99.68,91.96
2026-01-01 03:31:45.882353,A,345.46,2.684,99.95,95.16
2026-01-01 04:14:07.058824,C,347.12,2.559,100.87,92.86
2026-01-01 04:56:28.235294,B,353.78,2.699,101.34,94.43
2026-01-01 05:38:49.411765,C,352.5,2.536,97.8,91.05
2026-01-01 06:21:10.588235,C,345.11,2.577,98.38,93.31
2026-01-01 07:03:31.764706,C,350.5,2.626,98.06,92.91
2026-01-01 07:45:52.941176,C,353.76,2.518,102.82,90.75
2026-01-01 08:28:14.117647,A,341.65,2.345,99.76,92.97
2026-01-01 09:10:35.294118,C,352.72,2.579,100.03,90.61
2026-01-01 09:52:56.470588,B,346.69,2.453,100.12,94.22
2026-01-01 10:35:17.647059,A,352.85,2.46,98.57,89.78
2026-01-01 11:17:38.823529,B,346.18,2.53,103.13,93.52
2026-01-01 12:00:00.000000,B,340.98,2.557,100.82,96.05
2026-01-01 12:42:21.176471,B,341.86,2.515,100.08,95.62
2026-01-01 13:24:42.352941,B,350.24,2.564,97.79,91.65
2026-01-01 14:07:03.529412,A,351.3,2.429,97.68,91.05
2026-01-01 14:49:24.705882,A,345.48,2.496,99.38,92.94
2026-01-01 15:31:45.882353,B,353.19,2.585,98.6,89.93
2026-01-01 16:14:07.058824,B,341.69,2.677,97.87,95.92
2026-01-01 16:56:28.235294,A,349.67,2.713,99.26,93.2
2026-01-01 17:38:49.411765,A,343.94,2.543,99.57,95.47
2026-01-01 18:21:10.588235,A,346.74,2.584,100.28,92.57
2026-01-01 19:03:31.764706,C,350.24,2.698,98.99,94.01
2026-01-01 19:45:52.941176,C,345.7,2.433,97.98,94.11
2026-01-01 20:28:14.117647,C,348.08,2.563,98.05,92.94
2026-01-01 21:10:35.294118,B,355.03,2.577,102.43,88.71
2026-01-01 21:52:56.470588,C,347.12,2.645,97.5,93.08
2026-01-01 22:35:17.647059,B,386.64,2.386,100.73,85.0
2026-01-01 23:17:38.823529,B,344.35,2.406,101.04,93.52
2026-01-02 00:00:00.000000,C,352.65,2.502,99.76,91.91
2026-01-02 00:42:21.176471,B,357.21,2.538,103.54,89.94
2026-01-02 01:24:42.352941,C,337.64,2.612,101.0,96.04
2026-01-02 02:07:03.529412,C,346.02,2.552,103.69,91.59
2026-01-02 02:49:24.705882,A,352.89,2.485,98.7,91.85
2026-01-02 03:31:45.882353,C,348.98,2.542,98.73,93.6
2026-01-02 04:14:07.058824,A,351.86,2.53,101.06,90.64
2026-01-02 04:56:28.235294,C,346.98,2.675,99.48,93.6
2026-01-02 05:38:49.411765,C,350.43,2.517,103.37,91.64
2026-01-02 06:21:10.588235,A,349.22,2.462,100.68,92.46
2026-01-02 07:03:31.764706,A,355.84,2.545,97.91,89.93
2026-01-02 07:45:52.941176,C,351.27,2.52,96.53,92.65
2026-01-02 08:28:14.117647,B,351.69,2.343,99.84,90.78
2026-01-02 09:10:35.294118,A,347.94,2.498,99.82,90.06
2026-01-02 09:52:56.470588,B,347.56,2.49,100.63,93.12
2026-01-02 10:35:17.647059,B,347.84,2.446,102.42,93.37
2026-01-02 11:17:38.823529,B,351.97,2.604,102.16,90.78
2026-01-02 12:00:00.000000,A,347.9,2.421,98.84,92.64
2026-01-02 12:42:21.176471,B,351.45,2.546,97.41,93.62
2026-01-02 13:24:42.352941,A,360.38,2.485,97.53,88.92
2026-01-02 14:07:03.529412,B,354.36,2.511,98.53,91.89
2026-01-02 14:49:24.705882,C,348.37,2.541,99.27,92.25
2026-01-02 15:31:45.882353,C,356.01,2.369,100.61,89.52
2026-01-02 16:14:07.058824,A,347.96,2.519,98.4,92.5
2026-01-02 16:56:28.235294,C,339.81,2.729,100.56,95.81
2026-01-02 17:38:49.411765,C,395.92,2.344,100.72,85.0
2026-01-02 18:21:10.588235,B,340.65,2.494,100.29,93.14
2026-01-02 19:03:31.764706,A,348.24,2.612,97.74,92.76
2026-01-02 19:45:52.941176,B,350.09,2.53,100.94,93.46
2026-01-02 20:28:14.117647,B,358.38,2.569,104.16,88.87
2026-01-02 21:10:35.294118,B,351.63,2.262,100.49,89.25
2026-01-02 21:52:56.470588,B,348.9,2.56,94.09,92.69
2026-01-02 22:35:17.647059,B,354.15,2.424,102.48,90.49
2026-01-02 23:17:38.823529,B,338.94,2.531,98.59,95.85
2026-01-03 00:00:00.000000,B,351.18,2.497,104.53,91.52
2026-01-03 00:42:21.176471,A,353.85,2.728,100.23,92.06
2026-01-03 01:24:42.352941,C,342.61,2.555,96.63,94.14
2026-01-03 02:07:03.529412,B,355.72,2.489,95.87,88.95
2026-01-03 02:49:24.705882,B,351.69,2.349,103.08,90.67
2026-01-03 03:31:45.882353,B,347.92,2.512,102.21,93.41
2026-01-03 04:14:07.058824,B,353.16,2.582,104.45,91.98
2026-01-03 04:56:28.235294,B,361.35,2.492,100.02,86.81
2026-01-03 05:38:49.411765,B,350.91,2.449,99.89,91.72
2026-01-03 06:21:10.588235,C,351.24,2.443,99.23,90.45
2026-01-03 07:03:31.764706,C,347.7,2.554,98.68,94.35
2026-01-03 07:45:52.941176,B,387.89,2.576,99.22,85.0
2026-01-03 08:28:14.117647,C,354.15,2.636,100.43,92.33
2026-01-03 09:10:35.294118,A,345.72,2.401,98.31,92.81
2026-01-03 09:52:56.470588,B,350.36,2.553,96.66,92.09
2026-01-03 10:35:17.647059,A,347.61,2.488,100.32,94.15
2026-01-03 11:17:38.823529,A,352.39,2.491,98.27,92.21
2026-01-03 12:00:00.000000,B,351.67,2.54,93.52,91.82
2026-01-03 12:42:21.176471,C,355.19,2.541,101.11,90.45
2026-01-03 13:24:42.352941,A,347.45,2.553,97.78,91.32
2026-01-03 14:07:03.529412,B,348.65,2.394,101.32,92.2
2026-01-03 14:49:24.705882,A,345.11,2.425,101.28,92.97
2026-01-03 15:31:45.882353,A,347.78,2.649,100.57,93.96
2026-01-03 16:14:07.058824,A,351.89,2.478,104.99,92.18
2026-01-03 16:56:28.235294,A,353.78,2.531,99.72,92.25
2026-01-03 17:38:49.411765,C,381.04,2.605,99.43,85.0
2026-01-03 18:21:10.588235,A,354.35,2.546,101.37,89.88
2026-01-03 19:03:31.764706,A,356.78,2.555,99.89,88.09
2026-01-03 19:45:52.941176,A,352.07,2.589,102.32,91.0
2026-01-03 20:28:14.117647,C,359.38,2.288,97.46,89.46
2026-01-03 21:10:35.294118,A,346.13,2.451,97.5,94.74
2026-01-03 21:52:56.470588,A,343.78,2.547,101.53,93.86
2026-01-03 22:35:17.647059,C,341.11,2.639,97.67,93.9
2026-01-03 23:17:38.823529,C,357.48,2.507,101.22,89.14
2026-01-04 00:00:00.000000,C,353.27,2.416,100.74,91.74
2026-01-04 00:42:21.176471,A,349.72,2.418,98.61,91.08
2026-01-04 01:24:42.352941,C,351.4,2.588,100.73,92.61
2026-01-04 02:07:03.529412,C,389.1,2.478,97.53,85.0
2026-01-04 02:49:24.705882,A,362.23,2.499,98.0,89.04
2026-01-04 03:31:45.882353,C,350.65,2.562,99.53,93.93
2026-01-04 04:14:07.058824,A,350.55,2.21,100.16,90.97
2026-01-04 04:56:28.235294,B,391.58,2.7,99.39,85.0
2026-01-04 05:38:49.411765,C,352.41,2.427,100.87,92.84
2026-01-04 06:21:10.588235,B,351.12,2.524,100.78,92.13
2026-01-04 07:03:31.764706,A,346.05,2.33,103.06,91.54
2026-01-04 07:45:52.941176,C,352.36,2.458,99.81,91.77
2026-01-04 08:28:14.117647,A,359.41,2.624,102.39,90.24
2026-01-04 09:10:35.294118,B,356.73,2.308,101.84,88.71
2026-01-04 09:52:56.470588,A,357.97,2.613,104.59,89.66
2026-01-04 10:35:17.647059,C,347.44,2.473,99.75,92.33
2026-01-04 11:17:38.823529,C,345.05,2.549,99.16,93.2
2026-01-04 12:00:00.000000,B,349.37,2.566,102.52,92.25
2026-01-04 12:42:21.176471,A,350.28,2.544,100.77,91.29
2026-01-04 13:24:42.352941,C,355.47,2.414,102.56,90.32
2026-01-04 14:07:03.529412,B,341.54,2.464,101.43,94.67
2026-01-04 14:49:24.705882,C,357.65,2.354,95.79,89.32
2026-01-04 15:31:45.882353,C,349.21,2.549,100.75,92.42
2026-01-04 16:14:07.058824,A,347.87,2.67,100.62,93.31
2026-01-04 16:56:28.235294,C,344.94,2.318,100.27,94.05
2026-01-04 17:38:49.411765,A,341.73,2.424,99.74,94.17
2026-01-04 18:21:10.588235,C,354.12,2.482,96.82,91.94
2026-01-04 19:03:31.764706,B,381.53,2.517,101.75,85.0
2026-01-04 19:45:52.941176,C,343.55,2.588,100.75,94.96
2026-01-04 20:28:14.117647,A,343.52,2.485,102.2,93.13
2026-01-04 21:10:35.294118,A,348.32,2.468,96.92,91.79
2026-01-04 21:52:56.470588,B,358.35,2.61,101.01,89.63
2026-01-04 22:35:17.647059,C,348.7,2.566,99.53,92.25
2026-01-04 23:17:38.823529,C,342.48,2.554,100.29,94.06
2026-01-05 00:00:00.000000,B,348.77,2.511,99.55,93.64
2026-01-05 00:42:21.176471,C,348.64,2.598,101.09,92.94
2026-01-05 01:24:42.352941,C,336.52,2.434,99.67,95.94
2026-01-05 02:07:03.529412,A,349.73,2.421,97.9,91.23
2026-01-05 02:49:24.705882,C,348.85,2.575,100.17,93.58
2026-01-05 03:31:45.882353,C,353.48,2.337,99.57,90.5
2026-01-05 04:14:07.058824,B,359.24,2.509,99.83,88.96
2026-01-05 04:56:28.235294,B,355.63,2.468,93.62,88.57
2026-01-05 05:38:49.411765,A,348.66,2.359,101.37,91.91
2026-01-05 06:21:10.588235,C,344.47,2.407,99.37,93.77
2026-01-05 07:03:31.764706,C,362.87,2.489,97.3,87.11
2026-01-05 07:45:52.941176,C,350.3,2.603,101.85,92.13
2026-01-05 08:28:14.117647,A,350.07,2.435,101.27,92.19
2026-01-05 09:10:35.294118,A,398.12,2.621,99.35,85.0
2026-01-05 09:52:56.470588,B,350.99,2.506,97.7,91.08
2026-01-05 10:35:17.647059,A,349.28,2.631,100.36,93.25
2026-01-05 11:17:38.823529,C,347.13,2.44,100.25,93.67
2026-01-05 12:00:00.000000,C,347.27,2.495,101.85,94.98
2026-01-05 12:42:21.176471,A,349.84,2.537,99.11,94.19
2026-01-05 13:24:42.352941,C,347.28,2.482,102.39,92.87
2026-01-05 14:07:03.529412,C,346.44,2.595,98.92,93.06
2026-01-05 14:49:24.705882,A,350.53,2.279,97.31,91.66
2026-01-05 15:31:45.882353,A,348.73,2.742,97.74,93.05
2026-01-05 16:14:07.058824,C,357.52,2.586,99.88,89.41
2026-01-05 16:56:28.235294,C,336.75,2.483,99.87,95.58
2026-01-05 17:38:49.411765,C,355.46,2.445,100.66,89.66
2026-01-05 18:21:10.588235,B,356.23,2.413,99.82,90.11
2026-01-05 19:03:31.764706,B,339.63,2.565,101.95,94.83
2026-01-05 19:45:52.941176,B,348.29,2.599,99.48,93.09
2026-01-05 20:28:14.117647,A,348.14,2.484,96.01,94.07
2026-01-05 21:10:35.294118,B,342.96,2.611,99.76,94.79
2026-01-05 21:52:56.470588,A,346.11,2.409,95.99,94.23
2026-01-05 22:35:17.647059,A,344.45,2.392,100.54,94.33
2026-01-05 23:17:38.823529,B,358.76,2.681,102.11,90.87
2026-01-06 00:00:00.000000,B,354.68,2.559,98.03,90.54
2026-01-06 00:42:21.176471,B,356.36,2.64,102.84,91.83
2026-01-06 01:24:42.352941,C,353.61,2.415,101.69,90.24
2026-01-06 02:07:03.529412,B,344.35,2.408,102.41,93.23
2026-01-06 02:49:24.705882,C,347.38,2.464,100.38,92.94
2026-01-06 03:31:45.882353,A,352.45,2.418,98.01,90.85
2026-01-06 04:14:07.058824,C,343.89,2.571,101.56,93.47
2026-01-06 04:56:28.235294,B,353.56,2.425,98.75,89.03
2026-01-06 05:38:49.411765,A,348.8,2.383,100.24,92.73
2026-01-06 06:21:10.588235,A,348.13,2.514,99.66,93.2
2026-01-06 07:03:31.764706,A,353.55,2.371,102.25,88.57
2026-01-06 07:45:52.941176,C,352.22,2.32,101.46,89.69
2026-01-06 08:28:14.117647,B,348.2,2.513,99.84,92.78
2026-01-06 09:10:35.294118,A,355.8,2.325,96.1,89.83
2026-01-06 09:52:56.470588,A,380.72,2.578,98.73,85.0
2026-01-06 10:35:17.647059,A,353.08,2.36,101.41,90.29
2026-01-06 11:17:38.823529,C,352.97,2.276,100.56,90.53
2026-01-06 12:00:00.000000,C,348.45,2.471,96.99,91.97
2026-01-06 12:42:21.176471,B,351.63,2.514,96.39,91.84
2026-01-06 13:24:42.352941,C,343.74,2.549,100.39,93.64
2026-01-06 14:07:03.529412,A,354.62,2.517,97.89,91.61
2026-01-06 14:49:24.705882,B,349.08,2.394,98.08,90.95
2026-01-06 15:31:45.882353,A,347.39,2.571,101.35,92.0
2026-01-06 16:14:07.058824,A,355.25,2.596,102.4,90.93
2026-01-06 16:56:28.235294,C,346.48,2.379,98.5,91.02
2026-01-06 17:38:49.411765,B,342.96,2.482,99.91,91.92
2026-01-06 18:21:10.588235,C,396.77,2.473,99.85,85.0
2026-01-06 19:03:31.764706,C,353.03,2.522,99.67,90.22
2026-01-06 19:45:52.941176,B,343.6,2.48,100.08,92.49
2026-01-06 20:28:14.117647,A,358.77,2.493,101.51,88.52
2026-01-06 21:10:35.294118,A,339.59,2.564,98.65,94.59
2026-01-06 21:52:56.470588,B,358.48,2.389,96.95,88.76
2026-01-06 22:35:17.647059,A,351.06,2.574,103.38,90.96
2026-01-06 23:17:38.823529,B,349.52,2.614,102.18,93.21
2026-01-07 00:00:00.000000,B,347.28,2.663,97.79,94.28
2026-01-07 00:42:21.176471,C,352.0,2.286,100.27,89.06
2026-01-07 01:24:42.352941,B,349.81,2.482,102.02,91.35
2026-01-07 02:07:03.529412,C,355.52,2.303,101.5,88.84
2026-01-07 02:49:24.705882,A,350.57,2.256,100.92,90.44
2026-01-07 03:31:45.882353,A,350.75,2.514,99.66,92.93
2026-01-07 04:14:07.058824,A,348.18,2.46,103.45,93.49
2026-01-07 04:56:28.235294,A,349.72,2.53,100.44,94.73
2026-01-07 05:38:49.411765,C,351.54,2.549,98.97,89.51
2026-01-07 06:21:10.588235,A,341.45,2.625,101.74,94.27
2026-01-07 07:03:31.764706,B,343.26,2.505,100.19,95.86
2026-01-07 07:45:52.941176,B,353.72,2.792,100.7,90.54
2026-01-07 08:28:14.117647,B,350.85,2.531,100.41,93.69
2026-01-07 09:10:35.294118,C,349.08,2.684,100.99,93.34
2026-01-07 09:52:56.470588,A,350.09,2.267,98.04,90.99
2026-01-07 10:35:17.647059,A,351.74,2.635,97.1,90.87
2026-01-07 11:17:38.823529,A,347.3,2.482,102.87,92.27
2026-01-07 12:00:00.000000,C,346.11,2.305,100.5,93.94
2026-01-07 12:42:21.176471,B,350.98,2.542,101.54,91.87
2026-01-07 13:24:42.352941,B,345.11,2.47,96.48,92.87
2026-01-07 14:07:03.529412,A,352.04,2.558,102.13,92.08
2026-01-07 14:49:24.705882,B,341.49,2.601,98.96,94.87
2026-01-07 15:31:45.882353,B,355.15,2.351,98.39,90.06
2026-01-07 16:14:07.058824,C,352.36,2.601,99.87,90.95
2026-01-07 16:56:28.235294,C,351.28,2.501,98.04,91.54
2026-01-07 17:38:49.411765,C,354.91,2.635,100.0,90.56
2026-01-07 18:21:10.588235,C,358.33,2.479,99.73,87.59
2026-01-07 19:03:31.764706,A,355.07,2.453,102.12,90.73
2026-01-07 19:45:52.941176,C,340.8,2.503,103.03,93.54
2026-01-07 20:28:14.117647,B,343.6,2.51,102.96,93.81
2026-01-07 21:10:35.294118,A,346.88,2.434,95.47,93.53
2026-01-07 21:52:56.470588,B,350.13,2.45,98.13,90.21
2026-01-07 22:35:17.647059,B,352.59,2.377,95.45,91.21
2026-01-07 23:17:38.823529,B,346.37,2.457,97.61,92.57
2026-01-08 00:00:00.000000,C,350.93,2.568,98.7,91.09
2026-01-08 00:42:21.176471,C,346.22,2.486,100.82,95.09
2026-01-08 01:24:42.352941,A,346.94,2.601,98.96,93.42
2026-01-08 02:07:03.529412,A,342.97,2.481,99.02,93.45
2026-01-08 02:49:24.705882,C,345.38,2.357,100.36,91.89
2026-01-08 03:31:45.882353,B,343.24,2.56,96.58,95.21
2026-01-08 04:14:07.058824,A,345.12,2.433,98.32,92.52
2026-01-08 04:56:28.235294,C,355.27,2.477,98.99,91.06
2026-01-08 05:38:49.411765,C,345.25,2.624,99.6,94.04
2026-01-08 06:21:10.588235,C,363.16,2.384,100.15,88.59
2026-01-08 07:03:31.764706,B,352.47,2.516,103.0,90.3
2026-01-08 07:45:52.941176,C,350.92,2.496,101.82,90.8
2026-01-08 08:28:14.117647,C,345.71,2.57,98.46,93.36
2026-01-08 09:10:35.294118,C,353.5,2.586,99.48,91.18
2026-01-08 09:52:56.470588,C,394.74,2.526,99.34,85.0
2026-01-08 10:35:17.647059,A,350.61,2.464,98.97,94.27
2026-01-08 11:17:38.823529,A,362.8,2.547,100.55,90.46
2026-01-08 12:00:00.000000,C,349.52,2.634,96.28,93.11
2026-01-08 12:42:21.176471,B,355.75,2.497,101.76,90.68
2026-01-08 13:24:42.352941,A,346.48,2.473,103.39,92.68
2026-01-08 14:07:03.529412,C,349.83,2.539,99.46,91.2
2026-01-08 14:49:24.705882,A,358.85,2.504,99.42,89.18
2026-01-08 15:31:45.882353,A,346.87,2.366,100.31,93.04
2026-01-08 16:14:07.058824,B,359.06,2.524,102.04,90.71
2026-01-08 16:56:28.235294,C,353.54,2.365,99.35,91.26
2026-01-08 17:38:49.411765,C,347.19,2.537,101.87,91.52
2026-01-08 18:21:10.588235,B,353.16,2.42,100.98,90.36
2026-01-08 19:03:31.764706,B,354.86,2.504,104.72,89.09
2026-01-08 19:45:52.941176,C,353.11,2.539,99.34,92.43
2026-01-08 20:28:14.117647,C,342.15,2.745,96.05,95.17
2026-01-08 21:10:35.294118,B,346.36,2.574,97.13,93.41
2026-01-08 21:52:56.470588,A,348.76,2.636,100.02,93.53
2026-01-08 22:35:17.647059,A,349.63,2.687,102.06,95.81
2026-01-08 23:17:38.823529,B,353.1,2.549,98.69,91.58
2026-01-09 00:00:00.000000,A,350.89,2.529,99.54,91.64
2026-01-09 00:42:21.176471,B,343.32,2.393,101.37,92.23
2026-01-09 01:24:42.352941,A,351.9,2.488,98.07,92.83
2026-01-09 02:07:03.529412,A,353.05,2.428,98.78,90.54
2026-01-09 02:49:24.705882,C,352.8,2.46,97.66,92.62
2026-01-09 03:31:45.882353,C,355.4,2.687,102.36,92.42
2026-01-09 04:14:07.058824,A,354.17,2.511,103.08,90.34
2026-01-09 04:56:28.235294,A,352.3,2.412,96.84,89.48
2026-01-09 05:38:49.411765,C,349.65,2.637,99.72,93.06
2026-01-09 06:21:10.588235,C,341.7,2.596,102.81,94.36
2026-01-09 07:03:31.764706,C,352.15,2.601,100.8,91.9
2026-01-09 07:45:52.941176,B,351.04,2.299,99.02,91.73
2026-01-09 08:28:14.117647,A,351.36,2.695,96.91,90.91
2026-01-09 09:10:35.294118,C,343.62,2.444,102.31,93.9
2026-01-09 09:52:56.470588,A,344.59,2.578,100.72,94.77
2026-01-09 10:35:17.647059,B,355.27,2.752,97.05,92.49
2026-01-09 11:17:38.823529,B,349.8,2.716,102.38,91.78
2026-01-09 12:00:00.000000,C,353.41,2.402,96.8,90.91
2026-01-09 12:42:21.176471,B,350.14,2.356,99.56,92.44
2026-01-09 13:24:42.352941,A,387.35,2.643,99.47,85.0
2026-01-09 14:07:03.529412,C,354.69,2.514,103.24,90.55
2026-01-09 14:49:24.705882,A,347.42,2.45,99.48,93.66
2026-01-09 15:31:45.882353,A,350.48,2.562,99.47,91.47
2026-01-09 16:14:07.058824,B,347.69,2.484,97.27,91.08
2026-01-09 16:56:28.235294,B,347.83,2.57,98.72,92.8
2026-01-09 17:38:49.411765,B,348.45,2.507,98.37,93.04
2026-01-09 18:21:10.588235,B,351.11,2.572,98.47,93.07
2026-01-09 19:03:31.764706,B,347.61,2.411,100.01,92.8
2026-01-09 19:45:52.941176,C,356.28,2.642,95.13,91.66
2026-01-09 20:28:14.117647,A,345.53,2.57,96.98,94.74
2026-01-09 21:10:35.294118,A,349.07,2.565,99.78,92.26
2026-01-09 21:52:56.470588,A,347.8,2.388,100.24,91.95
2026-01-09 22:35:17.647059,A,357.23,2.67,99.53,91.97
2026-01-09 23:17:38.823529,B,350.98,2.499,99.92,90.49
2026-01-10 00:00:00.000000,A,355.16,2.573,99.18,91.25
2026-01-10 00:42:21.176471,C,342.57,2.468,99.96,93.35
2026-01-10 01:24:42.352941,C,351.34,2.526,100.87,92.83
2026-01-10 02:07:03.529412,A,354.45,2.53,100.85,90.8
2026-01-10 02:49:24.705882,A,350.41,2.218,98.62,90.47
2026-01-10 03:31:45.882353,C,355.33,2.558,101.83,92.42
2026-01-10 04:14:07.058824,C,347.41,2.697,100.31,92.69
2026-01-10 04:56:28.235294,B,357.05,2.554,102.46,90.37
2026-01-10 05:38:49.411765,C,361.49,2.404,102.87,87.89
2026-01-10 06:21:10.588235,B,348.19,2.565,97.11,93.4
2026-01-10 07:03:31.764706,B,397.55,2.606,98.28,85.0
2026-01-10 07:45:52.941176,B,357.27,2.551,101.63,89.47
2026-01-10 08:28:14.117647,B,357.9,2.493,96.67,88.4
2026-01-10 09:10:35.294118,B,347.39,2.476,102.84,91.85
2026-01-10 09:52:56.470588,A,347.9,2.475,99.31,92.27
2026-01-10 10:35:17.647059,C,394.72,2.57,101.15,85.0
2026-01-10 11:17:38.823529,B,380.63,2.359,99.77,85.0
2026-01-10 12:00:00.000000,C,345.41,2.463,97.22,94.99
2026-01-10 12:42:21.176471,C,344.98,2.66,102.11,95.93
2026-01-10 13:24:42.352941,B,346.16,2.663,105.5,95.27
2026-01-10 14:07:03.529412,A,349.83,2.352,98.97,93.83
2026-01-10 14:49:24.705882,B,385.35,2.387,99.36,85.0
2026-01-10 15:31:45.882353,A,357.75,2.473,94.7,90.65
2026-01-10 16:14:07.058824,C,345.01,2.589,102.7,94.75
2026-01-10 16:56:28.235294,A,354.92,2.317,101.82,90.25
2026-01-10 17:38:49.411765,A,348.93,2.495,96.53,92.69
2026-01-10 18:21:10.588235,A,349.75,2.453,95.87,91.44
2026-01-10 19:03:31.764706,C,353.37,2.633,96.1,90.41
2026-01-10 19:45:52.941176,C,344.39,2.332,101.29,92.71
2026-01-10 20:28:14.117647,A,351.91,2.509,101.49,92.04
2026-01-10 21:10:35.294118,A,350.83,2.461,98.15,91.63
2026-01-10 21:52:56.470588,B,352.46,2.647,101.0,90.93
2026-01-10 22:35:17.647059,A,384.4,2.56,100.32,85.0
2026-01-10 23:17:38.823529,B,362.28,2.441,99.27,87.8
2026-01-11 00:00:00.000000,A,346.81,2.585,101.94,93.32
2026-01-11 00:43:38.181818,B,347.35,2.461,97.59,93.09
2026-01-11 01:27:16.363636,C,346.88,2.6,102.3,94.14
2026-01-11 02:10:54.545455,A,347.22,2.476,98.54,92.21
2026-01-11 02:54:32.727273,A,398.98,2.605,103.56,85.0
2026-01-11 03:38:10.909091,A,355.95,2.544,97.99,91.57
2026-01-11 04:21:49.090909,A,357.1,2.826,99.3,91.82
2026-01-11 05:05:27.272727,B,347.15,2.495,100.12,93.49
2026-01-11 05:49:05.454545,A,345.84,2.538,100.1,94.42
2026-01-11 06:32:43.636364,C,352.36,2.452,100.98,89.95
2026-01-11 07:16:21.818182,C,347.24,2.5,97.43,93.88
2026-01-11 08:00:00.000000,A,353.16,2.23,99.93,88.91
2026-01-11 08:43:38.181818,C,351.01,2.547,100.28,91.24
2026-01-11 09:27:16.363636,A,342.42,2.634,98.94,95.14
2026-01-11 10:10:54.545455,A,357.74,2.54,100.81,87.73
2026-01-11 10:54:32.727273,C,358.98,2.369,97.31,88.83
2026-01-11 11:38:10.909091,A,346.94,2.42,99.35,93.5
2026-01-11 12:21:49.090909,C,388.71,2.257,98.49,85.0
2026-01-11 13:05:27.272727,B,351.43,2.598,99.35,93.15
2026-01-11 13:49:05.454545,A,351.67,2.399,102.89,90.3
2026-01-11 14:32:43.636364,B,353.29,2.497,102.93,91.2
2026-01-11 15:16:21.818182,C,360.05,2.485,102.54,88.36
2026-01-11 16:00:00.000000,B,349.12,2.649,99.08,93.58
2026-01-11 16:43:38.181818,B,346.01,2.509,101.82,94.27
2026-01-11 17:27:16.363636,C,343.1,2.581,100.22,95.12
2026-01-11 18:10:54.545455,B,346.35,2.555,100.09,93.37
2026-01-11 18:54:32.727273,B,382.0,2.636,99.85,85.0
2026-01-11 19:38:10.909091,C,391.51,2.476,103.52,85.0
2026-01-11 20:21:49.090909,B,347.41,2.687,102.73,94.37
2026-01-11 21:05:27.272727,C,351.12,2.301,101.49,91.36
2026-01-11 21:49:05.454545,B,349.92,2.586,99.66,93.0
2026-01-11 22:32:43.636364,C,355.94,2.413,100.08,88.5
2026-01-11 23:16:21.818182,C,362.63,2.451,101.06,87.94
2026-01-12 00:00:00.000000,B,347.35,2.557,98.96,92.45
2026-01-12 00:43:38.181818,B,347.55,2.556,101.88,93.68
2026-01-12 01:27:16.363636,B,355.22,2.561,98.16,89.97
2026-01-12 02:10:54.545455,A,353.41,2.361,100.78,90.73
2026-01-12 02:54:32.727273,A,359.23,2.645,95.42,89.67
2026-01-12 03:38:10.909091,A,352.92,2.41,98.9,88.79
2026-01-12 04:21:49.090909,C,348.2,2.423,104.16,93.09
2026-01-12 05:05:27.272727,B,352.95,2.564,102.07,91.41
2026-01-12 05:49:05.454545,C,355.54,2.471,103.07,91.47
2026-01-12 06:32:43.636364,A,354.1,2.531,98.67,89.26
2026-01-12 07:16:21.818182,B,352.54,2.284,100.21,89.87
2026-01-12 08:00:00.000000,C,355.33,2.528,102.56,90.32
2026-01-12 08:43:38.181818,B,355.85,2.522,101.27,90.63
2026-01-12 09:27:16.363636,C,356.91,2.449,101.02,88.35
2026-01-12 10:10:54.545455,B,353.24,2.293,103.26,90.54
2026-01-12 10:54:32.727273,A,349.16,2.479,97.92,94.06
2026-01-12 11:38:10.909091,A,350.73,2.496,99.63,92.24
2026-01-12 12:21:49.090909,B,356.03,2.463,96.49,90.1
2026-01-12 13:05:27.272727,C,345.92,2.316,97.81,90.93
2026-01-12 13:49:05.454545,A,351.84,2.659,102.15,91.47
2026-01-12 14:32:43.636364,A,348.03,2.436,98.17,92.22
2026-01-12 15:16:21.818182,A,350.14,2.478,101.47,91.32
2026-01-12 16:00:00.000000,B,356.39,2.259,103.32,89.9
2026-01-12 16:43:38.181818,B,350.96,2.659,99.64,93.04
2026-01-12 17:27:16.363636,C,350.23,2.453,101.04,94.39
2026-01-12 18:10:54.545455,C,343.2,2.51,101.49,93.11
2026-01-12 18:54:32.727273,C,353.73,2.612,97.56,91.47
2026-01-12 19:38:10.909091,B,353.23,2.432,98.77,89.31
2026-01-12 20:21:49.090909,B,360.82,2.596,97.99,87.01
2026-01-12 21:05:27.272727,C,382.63,2.294,98.93,85.0
2026-01-12 21:49:05.454545,C,351.1,2.555,101.43,92.44
2026-01-12 22:32:43.636364,B,351.25,2.657,98.81,91.56
2026-01-12 23:16:21.818182,C,357.89,2.442,99.93,89.44
2026-01-13 00:00:00.000000,A,349.52,2.612,97.92,92.07
2026-01-13 00:43:38.181818,B,351.4,2.683,102.45,92.0
2026-01-13 01:27:16.363636,C,353.04,2.475,98.91,90.64
2026-01-13 02:10:54.545455,B,350.93,2.466,103.05,90.65
2026-01-13 02:54:32.727273,A,347.77,2.41,100.12,91.5
2026-01-13 03:38:10.909091,B,350.97,2.449,97.19,90.77
2026-01-13 04:21:49.090909,B,393.76,2.418,99.66,85.0
2026-01-13 05:05:27.272727,B,344.87,2.41,97.87,90.31
2026-01-13 05:49:05.454545,B,350.66,2.62,101.18,92.17
2026-01-13 06:32:43.636364,A,346.5,2.421,99.48,91.57
2026-01-13 07:16:21.818182,B,355.98,2.526,100.33,89.28
2026-01-13 08:00:00.000000,B,342.38,2.504,99.26,93.78
2026-01-13 08:43:38.181818,C,347.21,2.65,98.89,93.57
2026-01-13 09:27:16.363636,B,351.89,2.45,98.05,90.97
2026-01-13 10:10:54.545455,C,357.83,2.538,101.67,88.78
2026-01-13 10:54:32.727273,A,349.67,2.579,99.65,93.22
2026-01-13 11:38:10.909091,A,347.22,2.649,99.37,92.68
2026-01-13 12:21:49.090909,A,359.41,2.448,99.6,88.18
2026-01-13 13:05:27.272727,A,342.76,2.438,98.64,94.15
2026-01-13 13:49:05.454545,C,339.01,2.394,99.38,95.09
2026-01-13 14:32:43.636364,B,352.2,2.724,100.41,91.85
2026-01-13 15:16:21.818182,A,347.49,2.638,97.93,90.51
2026-01-13 16:00:00.000000,B,381.71,2.496,98.22,85.0
2026-01-13 16:43:38.181818,C,353.54,2.693,102.76,92.06
2026-01-13 17:27:16.363636,C,351.22,2.49,99.27,92.27
2026-01-13 18:10:54.545455,C,347.18,2.572,98.9,93.13
2026-01-13 18:54:32.727273,A,343.6,2.501,97.31,93.45
2026-01-13 19:38:10.909091,B,354.36,2.54,101.7,93.19
2026-01-13 20:21:49.090909,B,353.25,2.529,97.89,90.8
2026-01-13 21:05:27.272727,B,349.5,2.458,99.97,92.55
2026-01-13 21:49:05.454545,C,359.23,2.609,96.58,88.44
2026-01-13 22:32:43.636364,A,344.65,2.572,101.64,92.87
2026-01-13 23:16:21.818182,C,342.37,2.603,102.35,95.45
2026-01-14 00:00:00.000000,C,383.63,2.532,100.97,85.0
2026-01-14 00:43:38.181818,B,349.77,2.409,96.93,91.22
2026-01-14 01:27:16.363636,C,351.22,2.671,101.68,90.64
2026-01-14 02:10:54.545455,B,348.79,2.474,98.35,92.07
2026-01-14 02:54:32.727273,A,351.76,2.536,97.66,91.84
2026-01-14 03:38:10.909091,B,343.74,2.564,99.23,94.3
2026-01-14 04:21:49.090909,A,357.22,2.536,99.19,89.45
2026-01-14 05:05:27.272727,B,349.59,2.592,98.99,92.43
2026-01-14 05:49:05.454545,C,355.59,2.607,102.55,90.11
2026-01-14 06:32:43.636364,C,351.71,2.478,104.02,90.27
2026-01-14 07:16:21.818182,A,352.28,2.663,97.26,92.89
2026-01-14 08:00:00.000000,A,352.85,2.473,98.62,91.11
2026-01-14 08:43:38.181818,A,352.24,2.534,100.29,91.35
2026-01-14 09:27:16.363636,B,353.21,2.461,99.22,90.33
2026-01-14 10:10:54.545455,B,356.65,2.433,100.8,89.49
2026-01-14 10:54:32.727273,A,350.98,2.604,101.83,92.39
2026-01-14 11:38:10.909091,C,353.55,2.812,101.5,94.22
2026-01-14 12:21:49.090909,B,349.55,2.464,101.22,92.61
2026-01-14 13:05:27.272727,B,357.2,2.622,103.32,89.78
2026-01-14 13:49:05.454545,B,346.62,2.467,96.82,92.19
2026-01-14 14:32:43.636364,A,359.0,2.499,102.96,88.48
2026-01-14 15:16:21.818182,A,349.8,2.676,99.17,92.74
2026-01-14 16:00:00.000000,A,342.85,2.393,101.57,92.8
2026-01-14 16:43:38.181818,A,350.64,2.366,97.94,91.61
2026-01-14 17:27:16.363636,A,346.59,2.491,98.18,90.33
2026-01-14 18:10:54.545455,C,354.2,2.566,101.32,91.61
2026-01-14 18:54:32.727273,C,346.74,2.546,96.14,93.48
2026-01-14 19:38:10.909091,A,347.77,2.536,101.98,94.11
2026-01-14 20:21:49.090909,B,340.55,2.503,102.52,95.73
2026-01-14 21:05:27.272727,A,347.74,2.579,100.36,92.39
2026-01-14 21:49:05.454545,C,337.88,2.209,100.28,94.95
2026-01-14 22:32:43.636364,C,342.08,2.425,98.33,93.83
2026-01-14 23:16:21.818182,B,353.8,2.491,101.35,88.88
2026-01-15 00:00:00.000000,C,398.62,2.57,100.7,85.0
2026-01-15 00:43:38.181818,A,352.13,2.649,98.16,91.48
2026-01-15 01:27:16.363636,B,345.17,2.411,99.22,93.0
2026-01-15 02:10:54.545455,A,349.76,2.646,99.68,94.45
2026-01-15 02:54:32.727273,A,349.98,2.455,99.21,92.01
2026-01-15 03:38:10.909091,B,392.95,2.487,97.27,85.0
2026-01-15 04:21:49.090909,A,357.52,2.558,101.4,91.0
2026-01-15 05:05:27.272727,C,354.39,2.48,99.51,90.95
2026-01-15 05:49:05.454545,A,348.9,2.611,100.03,91.75
2026-01-15 06:32:43.636364,B,350.13,2.46,98.84,90.15
2026-01-15 07:16:21.818182,B,351.04,2.461,100.95,90.52
2026-01-15 08:00:00.000000,B,339.79,2.605,100.4,96.42
2026-01-15 08:43:38.181818,A,348.76,2.424,102.43,91.69
2026-01-15 09:27:16.363636,B,346.59,2.525,100.96,93.23
2026-01-15 10:10:54.545455,B,344.99,2.334,99.59,91.33
2026-01-15 10:54:32.727273,A,348.59,2.682,98.52,94.2
2026-01-15 11:38:10.909091,C,358.99,2.621,101.73,87.89
2026-01-15 12:21:49.090909,A,353.2,2.775,99.43,91.76
2026-01-15 13:05:27.272727,B,347.14,2.634,99.66,93.95
2026-01-15 13:49:05.454545,B,352.86,2.387,99.66,89.45
2026-01-15 14:32:43.636364,A,357.0,2.567,99.2,90.85
2026-01-15 15:16:21.818182,C,354.62,2.408,99.69,89.28
2026-01-15 16:00:00.000000,B,350.3,2.658,103.85,91.47
2026-01-15 16:43:38.181818,B,346.77,2.39,97.9,93.71
2026-01-15 17:27:16.363636,B,353.49,2.385,98.37,90.53
2026-01-15 18:10:54.545455,A,351.97,2.339,102.77,91.12
2026-01-15 18:54:32.727273,B,354.48,2.451,99.25,91.43
2026-01-15 19:38:10.909091,C,353.18,2.431,99.1,88.08
2026-01-15 20:21:49.090909,B,355.25,2.374,102.07,90.43
2026-01-15 21:05:27.272727,B,347.32,2.699,97.16,93.04
2026-01-15 21:49:05.454545,C,356.59,2.553,101.64,89.66
2026-01-15 22:32:43.636364,B,350.99,2.541,100.09,92.35
2026-01-15 23:16:21.818182,A,360.38,2.659,100.93,89.32
2026-01-16 00:00:00.000000,A,346.55,2.526,100.89,93.76
2026-01-16 00:43:38.181818,A,358.68,2.425,98.74,88.98
2026-01-16 01:27:16.363636,C,350.99,2.33,102.1,91.02
2026-01-16 02:10:54.545455,B,346.74,2.419,98.9,92.08
2026-01-16 02:54:32.727273,A,347.58,2.651,100.82,92.42
2026-01-16 03:38:10.909091,C,348.4,2.374,102.48,91.11
2026-01-16 04:21:49.090909,B,352.12,2.535,102.76,91.44
2026-01-16 05:05:27.272727,C,352.61,2.603,99.47,93.57
2026-01-16 05:49:05.454545,A,347.13,2.529,100.93,94.48
2026-01-16 06:32:43.636364,A,349.88,2.54,99.28,91.58
2026-01-16 07:16:21.818182,A,360.71,2.566,105.01,89.18
2026-01-16 08:00:00.000000,C,358.64,2.538,101.56,89.31
2026-01-16 08:43:38.181818,C,352.18,2.661,100.17,92.28
2026-01-16 09:27:16.363636,A,350.19,2.396,100.63,91.68
2026-01-16 10:10:54.545455,C,350.6,2.524,100.81,92.47
2026-01-16 10:54:32.727273,A,353.07,2.318,100.87,87.27
2026-01-16 11:38:10.909091,A,393.34,2.293,99.52,85.0
2026-01-16 12:21:49.090909,B,348.71,2.492,99.21,91.95
2026-01-16 13:05:27.272727,C,341.66,2.554,99.7,94.07
2026-01-16 13:49:05.454545,A,394.61,2.663,97.72,85.0
2026-01-16 14:32:43.636364,A,353.24,2.742,101.44,93.7
2026-01-16 15:16:21.818182,C,347.58,2.632,98.4,94.08
2026-01-16 16:00:00.000000,B,357.87,2.573,97.88,89.49
2026-01-16 16:43:38.181818,B,343.87,2.516,99.97,92.84
2026-01-16 17:27:16.363636,A,342.68,2.347,99.74,90.42
2026-01-16 18:10:54.545455,C,351.12,2.485,100.5,91.77
2026-01-16 18:54:32.727273,B,355.24,2.629,98.86,91.65
2026-01-16 19:38:10.909091,C,358.42,2.59,99.21,89.82
2026-01-16 20:21:49.090909,C,347.71,2.371,101.38,92.98
2026-01-16 21:05:27.272727,A,355.39,2.561,101.26,89.37
2026-01-16 21:49:05.454545,B,349.81,2.553,101.18,92.15
2026-01-16 22:32:43.636364,A,349.14,2.535,100.07,92.18
2026-01-16 23:16:21.818182,B,354.42,2.497,100.34,90.55
2026-01-17 00:00:00.000000,B,353.26,2.567,100.46,92.52
2026-01-17 00:43:38.181818,B,342.12,2.57,98.69,94.61
2026-01-17 01:27:16.363636,B,357.38,2.436,102.95,89.17
2026-01-17 02:10:54.545455,B,356.9,2.546,102.66,89.22
2026-01-17 02:54:32.727273,C,346.87,2.481,101.59,94.17
2026-01-17 03:38:10.909091,A,351.98,2.351,99.15,89.23
2026-01-17 04:21:49.090909,C,352.47,2.444,101.08,90.43
2026-01-17 05:05:27.272727,B,351.3,2.344,101.96,92.52
2026-01-17 05:49:05.454545,A,347.25,2.598,97.55,93.78
2026-01-17 06:32:43.636364,B,346.64,2.536,103.39,93.17
2026-01-17 07:16:21.818182,A,349.87,2.464,96.52,91.88
2026-01-17 08:00:00.000000,C,355.86,2.642,101.41,90.01
2026-01-17 08:43:38.181818,A,352.72,2.507,102.91,91.15
2026-01-17 09:27:16.363636,A,348.15,2.357,99.77,91.49
2026-01-17 10:10:54.545455,A,353.86,2.456,99.7,90.8
2026-01-17 10:54:32.727273,A,335.76,2.663,101.34,95.58
2026-01-17 11:38:10.909091,A,355.74,2.433,103.7,90.34
2026-01-17 12:21:49.090909,B,341.3,2.528,99.44,95.77
2026-01-17 13:05:27.272727,A,348.19,2.574,98.44,92.71
2026-01-17 13:49:05.454545,A,344.4,2.559,99.15,94.62
2026-01-17 14:32:43.636364,C,343.53,2.745,96.89,95.48
2026-01-17 15:16:21.818182,A,355.8,2.382,101.8,89.06
2026-01-17 16:00:00.000000,C,347.66,2.392,98.97,91.1
2026-01-17 16:43:38.181818,B,351.73,2.384,99.58,89.98
2026-01-17 17:27:16.363636,A,349.77,2.47,101.82,92.21
2026-01-17 18:10:54.545455,C,352.39,2.61,99.25,91.78
2026-01-17 18:54:32.727273,C,350.38,2.397,101.52,92.65
2026-01-17 19:38:10.909091,B,343.59,2.611,97.92,95.27
2026-01-17 20:21:49.090909,A,354.98,2.504,101.92,91.31
2026-01-17 21:05:27.272727,A,347.53,2.389,100.68,92.45
2026-01-17 21:49:05.454545,C,342.22,2.325,99.82,92.5
2026-01-17 22:32:43.636364,A,347.86,2.347,100.26,92.2
2026-01-17 23:16:21.818182,C,357.5,2.433,97.43,89.48
2026-01-18 00:00:00.000000,A,354.25,2.483,100.22,89.5
2026-01-18 00:43:38.181818,C,348.26,2.635,99.72,94.41
2026-01-18 01:27:16.363636,A,348.25,2.58,97.48,94.03
2026-01-18 02:10:54.545455,B,348.39,2.416,98.66,90.92
2026-01-18 02:54:32.727273,A,360.38,2.541,99.74,88.45
2026-01-18 03:38:10.909091,A,351.91,2.665,98.79,91.7
2026-01-18 04:21:49.090909,B,352.15,2.687,95.18,92.9
2026-01-18 05:05:27.272727,A,355.15,2.469,102.15,90.79
2026-01-18 05:49:05.454545,B,351.19,2.596,99.72,92.17
2026-01-18 06:32:43.636364,A,348.7,2.639,95.45,93.36
2026-01-18 07:16:21.818182,C,349.02,2.349,104.27,90.25
2026-01-18 08:00:00.000000,C,349.64,2.449,102.48,92.23
2026-01-18 08:43:38.181818,A,349.81,2.722,99.3,93.07
2026-01-18 09:27:16.363636,A,353.64,2.47,98.32,90.08
2026-01-18 10:10:54.545455,A,350.26,2.207,100.81,88.92
2026-01-18 10:54:32.727273,C,353.66,2.488,100.4,90.87
2026-01-18 11:38:10.909091,A,349.6,2.612,101.08,93.04
2026-01-18 12:21:49.090909,C,350.39,2.501,98.32,90.19
2026-01-18 13:05:27.272727,B,340.01,2.572,102.2,95.38
2026-01-18 13:49:05.454545,C,354.58,2.594,99.05,91.22
2026-01-18 14:32:43.636364,C,351.73,2.465,101.36,90.75
2026-01-18 15:16:21.818182,B,354.99,2.448,98.41,90.62
2026-01-18 16:00:00.000000,C,335.52,2.515,105.3,96.29
2026-01-18 16:43:38.181818,A,360.44,2.518,101.39,89.24
2026-01-18 17:27:16.363636,A,349.3,2.505,105.77,92.77
2026-01-18 18:10:54.545455,C,355.54,2.51,101.66,90.92
2026-01-18 18:54:32.727273,A,344.8,2.425,98.88,94.2
2026-01-18 19:38:10.909091,C,353.06,2.575,101.66,91.8
2026-01-18 20:21:49.090909,A,344.73,2.56,101.8,93.4
2026-01-18 21:05:27.272727,A,346.88,2.366,100.75,91.62
2026-01-18 21:49:05.454545,C,359.57,2.461,101.26,87.87
2026-01-18 22:32:43.636364,A,349.05,2.509,101.52,92.48
2026-01-18 23:16:21.818182,C,351.09,2.447,98.01,92.73
2026-01-19 00:00:00.000000,A,354.35,2.564,97.87,90.66
2026-01-19 00:43:38.181818,A,352.48,2.493,98.41,91.67
2026-01-19 01:27:16.363636,B,350.75,2.517,100.26,91.11
2026-01-19 02:10:54.545455,B,351.82,2.46,99.55,91.45
2026-01-19 02:54:32.727273,C,362.02,2.301,98.05,88.66
2026-01-19 03:38:10.909091,B,349.71,2.295,101.55,91.75
2026-01-19 04:21:49.090909,C,351.01,2.559,100.57,90.42
2026-01-19 05:05:27.272727,B,355.25,2.527,100.34,91.13
2026-01-19 05:49:05.454545,A,355.53,2.544,99.48,91.18
2026-01-19 06:32:43.636364,C,355.94,2.513,99.24,90.46
2026-01-19 07:16:21.818182,C,353.19,2.521,98.32,91.82
2026-01-19 08:00:00.000000,A,344.28,2.597,101.87,93.37
2026-01-19 08:43:38.181818,C,358.17,2.544,98.59,89.83
2026-01-19 09:27:16.363636,C,344.27,2.604,100.42,95.35
2026-01-19 10:10:54.545455,B,351.51,2.517,103.32,92.65
2026-01-19 10:54:32.727273,C,346.23,2.47,99.34,93.53
2026-01-19 11:38:10.909091,A,349.68,2.519,101.92,91.31
2026-01-19 12:21:49.090909,B,351.64,2.416,101.14,90.05
2026-01-19 13:05:27.272727,B,351.61,2.462,100.62,91.44
2026-01-19 13:49:05.454545,A,352.11,2.518,100.86,91.64
2026-01-19 14:32:43.636364,A,358.07,2.516,99.81,89.56
2026-01-19 15:16:21.818182,B,352.27,2.489,100.07,90.46
2026-01-19 16:00:00.000000,C,348.78,2.361,98.9,92.11
2026-01-19 16:43:38.181818,B,354.82,2.564,100.08,90.98
2026-01-19 17:27:16.363636,A,355.95,2.583,98.83,90.92
2026-01-19 18:10:54.545455,B,343.86,2.664,102.01,95.26
2026-01-19 18:54:32.727273,A,352.99,2.544,96.6,91.05
2026-01-19 19:38:10.909091,B,353.51,2.5,100.96,90.46
2026-01-19 20:21:49.090909,C,348.51,2.399,100.67,93.05
2026-01-19 21:05:27.272727,B,399.49,2.649,100.49,85.0
2026-01-19 21:49:05.454545,B,395.25,2.525,102.05,85.0
2026-01-19 22:32:43.636364,A,350.63,2.519,99.43,93.14
2026-01-19 23:16:21.818182,A,349.13,2.475,100.51,91.59
2026-01-20 00:00:00.000000,A,350.08,2.468,96.57,91.72
2026-01-20 00:43:38.181818,B,344.52,2.569,99.17,93.58
2026-01-20 01:27:16.363636,C,342.8,2.398,101.71,91.87
2026-01-20 02:10:54.545455,A,357.97,2.663,97.32,90.3
2026-01-20 02:54:32.727273,A,345.77,2.641,100.32,92.96
2026-01-20 03:38:10.909091,B,345.04,2.465,98.64,93.57
2026-01-20 04:21:49.090909,A,339.23,2.414,99.78,95.91
2026-01-20 05:05:27.272727,C,346.81,2.298,98.76,89.73
2026-01-20 05:49:05.454545,C,343.38,2.375,97.51,92.95
2026-01-20 06:32:43.636364,A,395.08,2.573,100.77,85.0
2026-01-20 07:16:21.818182,A,355.05,2.532,99.9,88.46
2026-01-20 08:00:00.000000,B,346.56,2.549,101.23,94.61
2026-01-20 08:43:38.181818,C,361.26,2.315,101.59,88.08
2026-01-20 09:27:16.363636,C,354.91,2.46,102.45,91.41
2026-01-20 10:10:54.545455,A,348.38,2.637,100.27,92.61
2026-01-20 10:54:32.727273,B,337.5,2.49,102.54,95.26
2026-01-20 11:38:10.909091,C,361.45,2.373,98.05,87.77
2026-01-20 12:21:49.090909,C,343.05,2.489,101.82,96.17
2026-01-20 13:05:27.272727,B,341.77,2.423,100.92,95.4
2026-01-20 13:49:05.454545,B,355.11,2.533,100.47,90.76
2026-01-20 14:32:43.636364,C,362.2,2.502,100.89,88.6
2026-01-20 15:16:21.818182,C,356.92,2.554,98.08,90.83
2026-01-20 16:00:00.000000,B,352.82,2.378,97.61,92.94
2026-01-20 16:43:38.181818,C,352.97,2.455,103.42,91.27
2026-01-20 17:27:16.363636,A,354.27,2.609,99.66,91.31
2026-01-20 18:10:54.545455,A,353.79,2.365,99.63,89.85
2026-01-20 18:54:32.727273,B,351.41,2.4,97.8,91.31
2026-01-20 19:38:10.909091,B,350.52,2.52,97.04,91.36
2026-01-20 20:21:49.090909,B,349.69,2.529,99.82,92.73
2026-01-20 21:05:27.272727,A,346.23,2.451,99.32,91.45
2026-01-20 21:49:05.454545,C,348.6,2.472,100.0,92.02
2026-01-20 22:32:43.636364,A,341.54,2.553,100.17,95.54
2026-01-20 23:16:21.818182,C,349.51,2.585,104.98,92.94
2026-01-21 00:00:00.000000,A,345.06,2.393,99.32,92.48
2026-01-21 00:43:38.181818,C,344.48,2.536,103.16,93.6
2026-01-21 01:27:16.363636,A,350.9,2.651,103.28,93.52
2026-01-21 02:10:54.545455,B,356.96,2.488,101.51,88.64
2026-01-21 02:54:32.727273,A,354.59,2.392,99.53,88.88
2026-01-21 03:38:10.909091,C,342.15,2.387,97.28,92.86
2026-01-21 04:21:49.090909,A,345.05,2.484,100.96,93.39
2026-01-21 05:05:27.272727,A,354.7,2.604,102.04,89.75
2026-01-21 05:49:05.454545,A,345.09,2.496,103.5,94.41
2026-01-21 06:32:43.636364,B,348.88,2.519,98.1,91.51
2026-01-21 07:16:21.818182,A,352.75,2.4,99.51,90.9
2026-01-21 08:00:00.000000,B,345.16,2.598,98.11,93.36
2026-01-21 08:43:38.181818,B,350.53,2.385,98.73,91.2
2026-01-21 09:27:16.363636,A,343.33,2.45,101.33,92.15
2026-01-21 10:10:54.545455,A,346.99,2.563,98.64,94.22
2026-01-21 10:54:32.727273,A,351.6,2.296,98.35,89.54
2026-01-21 11:38:10.909091,C,342.04,2.517,101.59,93.41
2026-01-21 12:21:49.090909,A,352.2,2.396,100.9,93.2
2026-01-21 13:05:27.272727,B,349.9,2.502,100.7,92.59
2026-01-21 13:49:05.454545,A,352.76,2.465,98.69,91.96
2026-01-21 14:32:43.636364,C,351.12,2.711,102.59,93.18
2026-01-21 15:16:21.818182,A,356.82,2.461,100.03,89.31
2026-01-21 16:00:00.000000,C,350.63,2.684,104.76,91.42
2026-01-21 16:43:38.181818,C,347.85,2.559,100.32,92.64
2026-01-21 17:27:16.363636,A,350.61,2.42,95.33,90.44
2026-01-21 18:10:54.545455,B,352.72,2.533,95.24,90.43
2026-01-21 18:54:32.727273,C,350.24,2.47,101.25,90.19
2026-01-21 19:38:10.909091,A,350.2,2.524,102.6,92.17
2026-01-21 20:21:49.090909,A,346.49,2.429,98.43,94.27
2026-01-21 21:05:27.272727,B,346.69,2.669,104.2,94.4
2026-01-21 21:49:05.454545,C,342.99,2.593,103.33,94.46
2026-01-21 22:32:43.636364,C,358.75,2.503,100.42,89.35
2026-01-21 23:16:21.818182,A,343.78,2.673,101.08,91.68
2026-01-22 00:00:00.000000,A,346.54,2.507,101.79,92.65
2026-01-22 00:43:38.181818,B,346.41,2.61,103.78,92.2
2026-01-22 01:27:16.363636,B,354.47,2.504,101.36,90.81
2026-01-22 02:10:54.545455,C,348.53,2.539,100.38,92.38
2026-01-22 02:54:32.727273,C,356.24,2.492,101.34,89.22
2026-01-22 03:38:10.909091,A,346.63,2.51,101.07,93.17
2026-01-22 04:21:49.090909,C,351.39,2.517,101.85,91.77
2026-01-22 05:05:27.272727,B,345.82,2.433,96.86,94.44
2026-01-22 05:49:05.454545,B,360.73,2.46,100.63,89.27
2026-01-22 06:32:43.636364,A,344.06,2.478,100.92,93.89
2026-01-22 07:16:21.818182,B,351.55,2.523,99.85,90.7
2026-01-22 08:00:00.000000,B,353.17,2.497,101.57,89.96
2026-01-22 08:43:38.181818,B,352.07,2.617,103.84,92.56
2026-01-22 09:27:16.363636,B,349.07,2.585,100.28,92.5
2026-01-22 10:10:54.545455,A,349.35,2.48,101.38,92.34
2026-01-22 10:54:32.727273,A,350.22,2.638,103.21,93.6
2026-01-22 11:38:10.909091,C,394.19,2.687,100.32,85.0
2026-01-22 12:21:49.090909,B,354.82,2.296,98.22,90.93
2026-01-22 13:05:27.272727,C,361.05,2.593,101.23,90.12
2026-01-22 13:49:05.454545,A,347.21,2.431,95.6,90.44
2026-01-22 14:32:43.636364,A,385.33,2.58,95.4,85.0
2026-01-22 15:16:21.818182,A,349.56,2.624,100.67,93.07
2026-01-22 16:00:00.000000,A,362.9,2.412,95.31,87.21
2026-01-22 16:43:38.181818,A,345.98,2.315,97.37,92.8
2026-01-22 17:27:16.363636,A,358.2,2.584,99.24,88.98
2026-01-22 18:10:54.545455,A,358.39,2.514,98.56,90.1
2026-01-22 18:54:32.727273,B,347.23,2.333,99.7,91.2
2026-01-22 19:38:10.909091,C,352.84,2.753,102.23,94.43
2026-01-22 20:21:49.090909,A,387.65,2.562,100.48,85.0
2026-01-22 21:05:27.272727,B,348.1,2.567,98.32,93.55
2026-01-22 21:49:05.454545,B,348.98,2.637,102.71,92.2
2026-01-22 22:32:43.636364,C,347.09,2.442,97.14,93.4
2026-01-22 23:16:21.818182,A,395.64,2.513,100.44,85.0
2026-01-23 00:00:00.000000,C,346.75,2.368,96.92,90.9
2026-01-23 00:43:38.181818,A,343.88,2.439,100.5,93.29
2026-01-23 01:27:16.363636,B,350.17,2.539,99.36,94.08
2026-01-23 02:10:54.545455,B,346.15,2.333,102.16,93.18
2026-01-23 02:54:32.727273,B,351.17,2.436,101.44,90.95
2026-01-23 03:38:10.909091,B,342.22,2.407,98.83,92.0
2026-01-23 04:21:49.090909,C,351.65,2.514,98.44,90.74
2026-01-23 05:05:27.272727,A,354.17,2.557,99.37,89.63
2026-01-23 05:49:05.454545,A,340.03,2.574,103.75,93.52
2026-01-23 06:32:43.636364,C,351.87,2.6,103.24,92.72
2026-01-23 07:16:21.818182,A,356.14,2.637,98.06,90.91
2026-01-23 08:00:00.000000,B,393.64,2.561,101.6,85.0
2026-01-23 08:43:38.181818,A,358.36,2.689,96.54,89.44
2026-01-23 09:27:16.363636,B,352.1,2.512,99.11,91.43
2026-01-23 10:10:54.545455,C,346.47,2.483,98.14,91.58
2026-01-23 10:54:32.727273,A,349.72,2.561,102.14,91.79
2026-01-23 11:38:10.909091,C,394.5,2.478,97.42,85.0
2026-01-23 12:21:49.090909,A,350.38,2.685,100.86,92.44
2026-01-23 13:05:27.272727,B,352.69,2.613,100.0,91.81
2026-01-23 13:49:05.454545,C,345.4,2.575,99.65,94.73
2026-01-23 14:32:43.636364,A,350.85,2.513,103.34,92.68
2026-01-23 15:16:21.818182,B,342.93,2.459,103.52,93.15
2026-01-23 16:00:00.000000,C,349.44,2.57,99.71,92.49
2026-01-23 16:43:38.181818,C,345.48,2.387,99.31,93.59
2026-01-23 17:27:16.363636,A,346.32,2.653,96.99,94.9
2026-01-23 18:10:54.545455,A,356.18,2.482,99.99,89.39
2026-01-23 18:54:32.727273,A,355.46,2.531,103.91,91.23
2026-01-23 19:38:10.909091,B,353.05,2.409,99.74,90.96
2026-01-23 20:21:49.090909,A,344.54,2.572,101.46,92.93
2026-01-23 21:05:27.272727,C,348.42,2.455,97.21,93.05
2026-01-23 21:49:05.454545,C,356.07,2.565,99.13,90.66
2026-01-23 22:32:43.636364,A,384.84,2.576,100.92,85.0
2026-01-23 23:16:21.818182,A,361.6,2.435,100.21,87.9
2026-01-24 00:00:00.000000,C,351.97,2.388,101.65,90.89
2026-01-24 00:43:38.181818,B,350.96,2.653,98.79,91.87
2026-01-24 01:27:16.363636,A,348.45,2.481,96.5,93.6
2026-01-24 02:10:54.545455,A,350.67,2.522,102.24,93.17
2026-01-24 02:54:32.727273,C,349.24,2.549,98.13,92.09
2026-01-24 03:38:10.909091,A,353.54,2.375,101.01,89.82
2026-01-24 04:21:49.090909,B,354.78,2.546,100.9,90.66
2026-01-24 05:05:27.272727,C,346.07,2.51,96.67,93.03
2026-01-24 05:49:05.454545,A,343.34,2.436,102.1,93.09
2026-01-24 06:32:43.636364,C,389.36,2.384,98.87,85.0
2026-01-24 07:16:21.818182,A,352.54,2.561,100.11,93.3
2026-01-24 08:00:00.000000,A,344.48,2.613,99.28,94.22
2026-01-24 08:43:38.181818,A,339.24,2.518,103.25,95.14
2026-01-24 09:27:16.363636,B,351.94,2.357,102.69,91.03
2026-01-24 10:10:54.545455,B,362.46,2.394,96.38,87.65
2026-01-24 10:54:32.727273,C,349.97,2.457,104.52,91.36
2026-01-24 11:38:10.909091,A,354.19,2.656,98.64,90.52
2026-01-24 12:21:49.090909,A,350.41,2.475,104.2,89.91
2026-01-24 13:05:27.272727,B,349.51,2.453,99.49,90.56
2026-01-24 13:49:05.454545,A,354.6,2.333,99.32,88.67
2026-01-24 14:32:43.636364,B,348.55,2.434,99.51,92.76
2026-01-24 15:16:21.818182,A,351.34,2.377,99.2,91.71
2026-01-24 16:00:00.000000,C,351.61,2.4,105.05,90.14
2026-01-24 16:43:38.181818,A,396.47,2.512,99.85,85.0
2026-01-24 17:27:16.363636,A,354.96,2.46,99.4,90.32
2026-01-24 18:10:54.545455,B,349.13,2.67,100.15,92.69
2026-01-24 18:54:32.727273,A,346.22,2.608,98.07,93.23
2026-01-24 19:38:10.909091,A,382.51,2.439,103.19,85.0
2026-01-24 20:21:49.090909,B,345.51,2.408,97.06,93.03
2026-01-24 21:05:27.272727,C,350.14,2.638,98.77,91.67
2026-01-24 21:49:05.454545,C,349.95,2.666,101.87,91.64
2026-01-24 22:32:43.636364,B,355.43,2.281,100.08,89.01
2026-01-24 23:16:21.818182,B,352.37,2.509,101.1,90.43
2026-01-25 00:00:00.000000,B,349.87,2.475,103.07,91.84
2026-01-25 00:43:38.181818,B,354.09,2.565,102.01,92.12
2026-01-25 01:27:16.363636,B,356.95,2.694,100.27,89.51
2026-01-25 02:10:54.545455,C,352.79,2.452,104.18,91.01
2026-01-25 02:54:32.727273,C,350.05,2.294,98.74,91.87
2026-01-25 03:38:10.909091,B,343.44,2.558,99.8,94.17
2026-01-25 04:21:49.090909,A,344.67,2.639,99.94,95.02
2026-01-25 05:05:27.272727,B,348.47,2.47,99.8,92.02
2026-01-25 05:49:05.454545,A,346.95,2.429,97.86,92.73
2026-01-25 06:32:43.636364,B,349.07,2.456,96.83,92.5
2026-01-25 07:16:21.818182,B,350.28,2.585,100.83,91.77
2026-01-25 08:00:00.000000,C,352.65,2.455,98.73,92.97
2026-01-25 08:43:38.181818,A,349.65,2.533,103.82,92.85
2026-01-25 09:27:16.363636,A,386.6,2.503,99.85,85.0
2026-01-25 10:10:54.545455,C,350.32,2.492,99.5,92.94
2026-01-25 10:54:32.727273,C,340.12,2.57,102.19,95.64
2026-01-25 11:38:10.909091,C,345.3,2.452,100.8,94.56
2026-01-25 12:21:49.090909,C,349.28,2.457,99.65,92.19
2026-01-25 13:05:27.272727,A,343.95,2.58,98.72,93.49
2026-01-25 13:49:05.454545,A,353.0,2.401,107.32,90.62
2026-01-25 14:32:43.636364,B,357.65,2.412,100.72,88.26
2026-01-25 15:16:21.818182,B,356.09,2.374,102.17,87.44
2026-01-25 16:00:00.000000,C,348.93,2.585,97.95,91.89
2026-01-25 16:43:38.181818,C,357.45,2.489,98.84,89.78
2026-01-25 17:27:16.363636,C,350.74,2.369,104.22,92.18
2026-01-25 18:10:54.545455,B,348.31,2.585,102.79,92.08
2026-01-25 18:54:32.727273,B,346.93,2.444,100.92,93.65
2026-01-25 19:38:10.909091,B,397.14,2.413,99.24,85.0
2026-01-25 20:21:49.090909,B,348.06,2.48,99.53,91.56
2026-01-25 21:05:27.272727,B,350.85,2.648,98.65,93.93
2026-01-25 21:49:05.454545,B,350.8,2.461,97.69,91.61
2026-01-25 22:32:43.636364,B,350.02,2.558,101.85,92.11
2026-01-25 23:16:21.818182,C,380.83,2.573,101.08,85.0
2026-01-26 00:00:00.000000,C,355.95,2.544,101.47,89.23
2026-01-26 00:43:38.181818,C,354.75,2.627,99.33,90.88
2026-01-26 01:27:16.363636,C,342.58,2.429,100.51,93.87
2026-01-26 02:10:54.545455,B,337.23,2.396,99.14,96.54
2026-01-26 02:54:32.727273,A,354.67,2.394,98.55,88.4
2026-01-26 03:38:10.909091,B,343.17,2.486,103.33,95.74
2026-01-26 04:21:49.090909,A,348.88,2.405,100.24,91.74
2026-01-26 05:05:27.272727,C,344.15,2.515,101.01,92.72
2026-01-26 05:49:05.454545,B,340.99,2.508,101.67,93.45
2026-01-26 06:32:43.636364,C,352.71,2.602,100.27,91.97
2026-01-26 07:16:21.818182,B,353.8,2.529,100.48,89.66
2026-01-26 08:00:00.000000,C,347.12,2.458,97.83,92.09
2026-01-26 08:43:38.181818,A,337.04,2.541,98.21,95.84
2026-01-26 09:27:16.363636,A,347.27,2.397,98.1,93.45
2026-01-26 10:10:54.545455,A,351.96,2.496,101.21,92.41
2026-01-26 10:54:32.727273,B,342.61,2.532,100.14,93.73
2026-01-26 11:38:10.909091,A,350.92,2.513,98.21,91.58
2026-01-26 12:21:49.090909,B,349.92,2.542,101.16,90.64
2026-01-26 13:05:27.272727,A,352.9,2.436,101.09,88.77
2026-01-26 13:49:05.454545,A,350.6,2.615,98.61,91.17
2026-01-26 14:32:43.636364,B,345.13,2.682,99.94,95.49
2026-01-26 15:16:21.818182,B,355.98,2.34,101.09,90.19
2026-01-26 16:00:00.000000,A,349.21,2.378,98.28,92.01
2026-01-26 16:43:38.181818,B,349.86,2.504,101.13,90.6
2026-01-26 17:27:16.363636,A,345.33,2.474,100.6,92.56
2026-01-26 18:10:54.545455,B,347.78,2.69,98.0,92.76
2026-01-26 18:54:32.727273,C,345.58,2.522,100.44,93.27
2026-01-26 19:38:10.909091,C,349.14,2.639,100.73,92.72
2026-01-26 20:21:49.090909,C,358.56,2.295,98.75,87.41
2026-01-26 21:05:27.272727,C,343.14,2.581,98.91,94.81
2026-01-26 21:49:05.454545,C,341.93,2.428,97.98,94.29
2026-01-26 22:32:43.636364,A,357.36,2.427,99.1,88.7
2026-01-26 23:16:21.818182,C,348.95,2.475,99.98,92.49
2026-01-27 00:00:00.000000,C,346.65,2.358,98.91,93.42
2026-01-27 00:43:38.181818,C,355.2,2.544,97.03,92.09
2026-01-27 01:27:16.363636,C,346.97,2.519,98.62,93.49
2026-01-27 02:10:54.545455,B,359.13,2.527,99.17,89.86
2026-01-27 02:54:32.727273,A,353.39,2.589,101.63,91.19
2026-01-27 03:38:10.909091,C,347.56,2.651,101.19,94.52
2026-01-27 04:21:49.090909,C,360.79,2.464,101.67,87.51
2026-01-27 05:05:27.272727,C,346.97,2.548,98.52,94.06
2026-01-27 05:49:05.454545,A,353.71,2.529,100.28,90.74
2026-01-27 06:32:43.636364,B,351.5,2.538,95.15,93.23
2026-01-27 07:16:21.818182,A,356.51,2.539,100.86,90.83
2026-01-27 08:00:00.000000,B,357.81,2.659,101.22,90.38
2026-01-27 08:43:38.181818,C,350.16,2.454,99.3,91.49
2026-01-27 09:27:16.363636,C,346.23,2.347,100.59,92.89
2026-01-27 10:10:54.545455,A,352.3,2.43,96.97,91.44
2026-01-27 10:54:32.727273,A,346.61,2.576,98.4,93.0
2026-01-27 11:38:10.909091,B,398.22,2.502,101.53,85.0
2026-01-27 12:21:49.090909,B,350.68,2.453,101.02,92.46
2026-01-27 13:05:27.272727,A,348.17,2.392,99.18,90.65
2026-01-27 13:49:05.454545,B,350.92,2.522,101.62,92.56
2026-01-27 14:32:43.636364,A,387.95,2.564,100.28,85.0
2026-01-27 15:16:21.818182,B,345.14,2.531,98.99,94.8
2026-01-27 16:00:00.000000,A,356.0,2.475,99.63,89.36
2026-01-27 16:43:38.181818,A,346.72,2.515,99.09,93.06
2026-01-27 17:27:16.363636,A,344.77,2.514,97.63,93.84
2026-01-27 18:10:54.545455,B,352.68,2.519,102.51,92.03
2026-01-27 18:54:32.727273,B,355.93,2.382,98.86,90.06
2026-01-27 19:38:10.909091,B,353.59,2.52,98.34,89.78
2026-01-27 20:21:49.090909,A,354.98,2.456,96.94,90.58
2026-01-27 21:05:27.272727,B,346.22,2.604,94.73,95.66
2026-01-27 21:49:05.454545,B,342.89,2.513,101.4,94.81
2026-01-27 22:32:43.636364,A,357.51,2.584,101.59,91.81
2026-01-27 23:16:21.818182,C,348.39,2.47,102.39,93.38
2026-01-28 00:00:00.000000,A,348.75,2.473,99.7,93.6
2026-01-28 00:43:38.181818,B,356.64,2.649,99.36,91.06
2026-01-28 01:27:16.363636,A,352.78,2.544,98.98,91.91
2026-01-28 02:10:54.545455,C,352.28,2.429,99.17,91.22
2026-01-28 02:54:32.727273,A,397.4,2.59,102.24,85.0
2026-01-28 03:38:10.909091,B,346.78,2.447,99.95,93.44
2026-01-28 04:21:49.090909,C,354.64,2.523,100.76,90.2
2026-01-28 05:05:27.272727,B,350.29,2.684,99.12,94.72
2026-01-28 05:49:05.454545,C,351.34,2.357,102.64,89.95
2026-01-28 06:32:43.636364,C,357.64,2.482,96.19,90.43
2026-01-28 07:16:21.818182,A,352.54,2.541,97.56,92.82
2026-01-28 08:00:00.000000,A,352.69,2.576,100.76,91.4
2026-01-28 08:43:38.181818,B,355.36,2.376,103.5,88.66
2026-01-28 09:27:16.363636,A,348.18,2.346,99.55,92.93
2026-01-28 10:10:54.545455,A,345.8,2.609,98.32,94.01
2026-01-28 10:54:32.727273,C,344.78,2.428,102.0,94.02
2026-01-28 11:38:10.909091,A,340.17,2.424,100.65,94.46
2026-01-28 12:21:49.090909,C,360.28,2.655,102.58,91.42
2026-01-28 13:05:27.272727,C,344.48,2.507,97.42,91.57
2026-01-28 13:49:05.454545,C,348.89,2.508,102.42,92.75
2026-01-28 14:32:43.636364,B,348.62,2.482,96.9,93.67
2026-01-28 15:16:21.818182,B,351.54,2.378,99.42,91.03
2026-01-28 16:00:00.000000,B,354.08,2.568,100.83,91.42
2026-01-28 16:43:38.181818,C,354.3,2.541,100.37,90.48
2026-01-28 17:27:16.363636,B,347.08,2.517,102.12,92.98
2026-01-28 18:10:54.545455,B,349.16,2.488,96.35,90.52
2026-01-28 18:54:32.727273,A,351.41,2.471,100.28,90.71
2026-01-28 19:38:10.909091,B,348.76,2.591,102.4,92.04
2026-01-28 20:21:49.090909,B,358.04,2.486,100.12,90.19
2026-01-28 21:05:27.272727,C,352.45,2.494,97.72,90.66
2026-01-28 21:49:05.454545,C,353.67,2.553,102.02,90.62
2026-01-28 22:32:43.636364,C,353.31,2.521,98.7,90.73
2026-01-28 23:16:21.818182,C,355.87,2.664,98.35,90.31
2026-01-29 00:00:00.000000,C,350.91,2.324,98.1,91.12
2026-01-29 00:43:38.181818,C,343.52,2.53,99.6,94.47
2026-01-29 01:27:16.363636,B,352.0,2.429,100.37,91.87
2026-01-29 02:10:54.545455,C,346.74,2.406,97.46,93.16
2026-01-29 02:54:32.727273,C,347.36,2.454,97.87,93.11
2026-01-29 03:38:10.909091,A,352.93,2.505,98.61,90.82
2026-01-29 04:21:49.090909,B,356.19,2.51,98.09,89.8
2026-01-29 05:05:27.272727,B,350.11,2.348,100.07,90.34
2026-01-29 05:49:05.454545,B,351.54,2.446,100.72,90.38
2026-01-29 06:32:43.636364,C,358.51,2.528,100.45,89.78
2026-01-29 07:16:21.818182,C,351.2,2.412,100.45,90.48
2026-01-29 08:00:00.000000,C,363.01,2.389,103.34,89.01
2026-01-29 08:43:38.181818,A,352.83,2.274,100.85,89.98
2026-01-29 09:27:16.363636,C,341.2,2.434,101.57,95.81
2026-01-29 10:10:54.545455,A,353.77,2.385,99.17,90.87
2026-01-29 10:54:32.727273,B,351.91,2.402,101.89,90.16
2026-01-29 11:38:10.909091,C,356.45,2.473,99.08,89.87
2026-01-29 12:21:49.090909,A,353.37,2.44,100.82,89.02
2026-01-29 13:05:27.272727,A,349.31,2.383,97.26,91.81
2026-01-29 13:49:05.454545,C,343.88,2.288,100.33,92.09
2026-01-29 14:32:43.636364,B,348.95,2.53,98.05,91.35
2026-01-29 15:16:21.818182,B,345.75,2.575,101.87,95.17
2026-01-29 16:00:00.000000,B,347.1,2.46,101.75,93.7
2026-01-29 16:43:38.181818,A,352.94,2.473,99.07,91.99
2026-01-29 17:27:16.363636,A,358.35,2.5,104.1,90.28
2026-01-29 18:10:54.545455,A,351.97,2.658,99.43,90.96
2026-01-29 18:54:32.727273,A,344.02,2.343,96.78,92.61
2026-01-29 19:38:10.909091,B,352.22,2.459,98.44,90.79
2026-01-29 20:21:49.090909,C,355.98,2.328,97.91,87.64
2026-01-29 21:05:27.272727,A,346.95,2.536,100.76,92.54
2026-01-29 21:49:05.454545,A,349.33,2.486,97.53,91.58
2026-01-29 22:32:43.636364,B,350.07,2.52,98.92,92.2
2026-01-29 23:16:21.818182,C,346.08,2.515,100.63,95.78
2026-01-30 00:00:00.000000,C,353.24,2.599,100.28,91.5
2026-01-30 00:43:38.181818,B,349.4,2.554,99.97,92.58
2026-01-30 01:27:16.363636,B,352.1,2.583,100.25,91.53
2026-01-30 02:10:54.545455,C,345.56,2.393,99.26,93.53
2026-01-30 02:54:32.727273,A,347.81,2.619,96.79,92.18
2026-01-30 03:38:10.909091,C,353.61,2.428,99.21,92.45
2026-01-30 04:21:49.090909,B,348.14,2.434,100.94,92.1
2026-01-30 05:05:27.272727,A,358.63,2.527,99.73,89.15
2026-01-30 05:49:05.454545,A,348.0,2.53,100.78,93.72
2026-01-30 06:32:43.636364,B,351.12,2.393,98.83,90.24
2026-01-30 07:16:21.818182,B,354.66,2.483,101.99,91.24
2026-01-30 08:00:00.000000,B,342.91,2.649,94.89,96.28
2026-01-30 08:43:38.181818,C,390.88,2.353,100.28,85.0
2026-01-30 09:27:16.363636,C,380.86,2.649,102.7,85.54
2026-01-30 10:10:54.545455,A,356.31,2.476,103.0,90.63
2026-01-30 10:54:32.727273,B,347.24,2.266,99.54,92.31
2026-01-30 11:38:10.909091,A,362.79,2.363,97.35,88.84
2026-01-30 12:21:49.090909,A,347.18,2.404,102.73,94.0
2026-01-30 13:05:27.272727,A,350.92,2.438,99.9,91.68
2026-01-30 13:49:05.454545,A,357.71,2.49,99.68,90.43
2026-01-30 14:32:43.636364,B,360.03,2.23,98.21,89.04
2026-01-30 15:16:21.818182,A,360.31,2.519,97.5,87.84
2026-01-30 16:00:00.000000,B,356.04,2.394,101.13,87.93
2026-01-30 16:43:38.181818,B,355.12,2.639,101.34,91.1
2026-01-30 17:27:16.363636,C,352.96,2.473,100.4,89.22
2026-01-30 18:10:54.545455,B,353.89,2.594,98.47,90.99
2026-01-30 18:54:32.727273,C,347.24,2.611,97.87,93.7
2026-01-30 19:38:10.909091,B,345.91,2.608,97.14,93.49
2026-01-30 20:21:49.090909,B,349.98,2.443,98.88,91.58
2026-01-30 21:05:27.272727,B,349.15,2.442,97.99,90.96
2026-01-30 21:49:05.454545,C,347.73,2.478,96.58,93.36
2026-01-30 22:32:43.636364,C,353.48,2.564,101.3,90.21
2026-01-30 23:16:21.818182,A,354.78,2.449,97.36,88.21
